Timeline,Error_X,Error_Y,Error_Z,PID_X,PID_Y,PID_Z
2.5606849193573,3.329362853190364,-1.9113008972018752,-9.361726108132572,-115.06788637226452,66.05749032481852,21.57214420172516
2.599730968475342,3.4219180652450207,-0.8710336893350961,-9.993778607284511,-13,-18.655651018235734,13
2.664482355117798,3.5968146920585053,0.24805618565920728,-9.765802216652048,-13,-13.318909251337121,13
2.7117526531219482,3.6914811622758457,1.0183396309726471,-11.602005302764255,-13,-13.745686492322989,13
2.9667317867279053,5.195853815164688,-0.7697561207651391,-12.164636321731791,-13,13,13
3.0193636417388916,4.699736063911335,-0.5794195147287946,-12.42743934109933,-13,-13,13
3.066687822341919,3.966874402173994,-0.5202458232359336,-13.159568892553168,13,-13,13
3.360692262649536,-0.9599855807330374,-1.9839702001816104,-11.998918554977806,13.484752117741152,13,13
3.402541160583496,-1.5051988686873579,-2.748624021081262,-13.623857707533801,13,18.067492219351863,13
3.4595589637756348,-1.6887095657982314,-3.189784735396659,-10.362898574926305,13,13,-13
3.506300449371338,-1.9681514787859924,-2.6030390525879255,-11.424852052717469,13,-13,13
3.551337242126465,-2.3238560808989255,-3.328766818584947,-10.6577862435484,13,17.43281879535583,13
3.6577515602111816,-2.870107842203005,-2.6258433449942387,-8.699389839965548,13,-13,13
3.9042868614196777,-2.893972042708129,-5.968817338085516,-7.8274697509717726,13,19.914915101350704,13
3.95833420753479,-2.903220869326467,-6.653214492206486,-8.044239124839066,13,20.35873302211676,13
4.008694648742676,-2.690711115228243,-6.637087417562999,-7.267777880706063,13,13,13
4.055182218551636,-2.6193844788956744,-6.310335335521397,-6.972898608128034,13,13,13
4.103928327560425,-2.7329138469862957,-6.832284617465739,-6.837566909990926,13,19.400940568455148,13
4.15448522567749,-2.7661109600254297,-7.003557537085663,-6.210102766566138,13,14.256534085353424,13
4.208356857299805,-2.6330117910300093,-7.313921641750027,-5.825294775750237,13,16.60067308159906,13
4.254356622695923,-2.507345549072482,-7.63865737043012,-5.599156807128892,13,18.14936792462814,13
4.304173469543457,-2.370887340001535,-7.633100704395186,-5.054835548822609,13,13,13
4.403501510620117,-2.008079089179982,-7.630700538883931,-4.545399295070851,13,13.109228268029238,13
4.455184698104858,-1.7577395888647418,-7.427867294880038,-3.788936692672081,-13,13,13
4.505057334899902,-1.5475130247854247,-7.336358043427199,-4.479709366059367,-13,13,13
4.560134172439575,-1.3000527643870474,-7.122028187511651,-3.589537388496886,-13,13,13
4.609205484390259,-0.9511898225736101,-6.88213812803259,-2.946385317371252,-13,13,13
4.664851665496826,-0.5061506478272547,-6.748675304363397,-3.2688309784068466,-13,13,13
4.717007160186768,-0.222262386598193,-6.612306001296242,-2.5112962307417845,-13,13,-13
4.75908637046814,0.0,-6.278466120826985,-1.958547245003139,-13,13,13
4.803036212921143,0.22080407526809992,-6.237715126323822,-2.101146169153104,-13,13,13
4.904569387435913,0.27501262317531305,-3.630166625914133,-1.8778402144454418,-13,-13,13
4.958632707595825,0.16308988692845225,-3.968520581925671,-1.1587075981695918,13,13.158346119774876,-13
5.005346298217773,0.10783326899293327,-3.989830952738531,-0.6562138085249671,13,13,13
5.058186292648315,-0.1066504930452663,-3.9460682426748535,0.009097662037703458,13,13,-13
5.104763031005859,-0.21130997743639135,-4.120544560009631,0.569068846014936,13,13,-13
5.164270639419556,-1.03093008378442,-2.4416765142262578,-1.0419128556564416,13,-14.802245674365944,13
5.216015338897705,-1.3162546240744148,-2.737809618074783,0.7685419166513299,13,13,-13
5.2803874015808105,-1.986628943654719,-1.718165572890568,-0.4042584219340313,13,-13,13
5.362820386886597,-2.4319715350385698,-3.0529004376016085,1.7879153847150917,13,19.543886654950914,-13
5.4416422843933105,-2.7364428894426487,-2.2717639082165384,1.9151273467362273,13,-13,13
5.459059476852417,-2.889108433933255,-2.20622825863994,0.9046002150016079,13,13,13
5.5139100551605225,-3.0094515564049105,-3.4245483228055873,1.6270172249047619,13,24.717586240423447,-13
5.716782331466675,-3.008592757883322,-1.353866741047495,3.5888857896877155,13,-13,-13
5.766802787780762,-3.020437786162566,-0.7167140509538292,2.40690661978158,13,-13,13
5.815227746963501,-2.7661179633242785,-0.05029305387862325,3.4203143865488457,13,-13,-13
5.998214960098267,-2.382571998769055,0.05179504345150119,1.7305761170611618,13,13,13
6.0630011558532715,-1.5595110145170306,-1.5595110145170306,1.5183369556113604,-13,24.015792726739498,13
6.112029314041138,-1.4843703094997707,-1.5373835348390483,0.3601214933127821,13,13,13
6.222557544708252,-1.3392128885295707,-3.2676794480121525,-0.2645799838306857,13,19.77492277042703,13
6.272441864013672,-0.8479436201129802,-5.5646300069914325,0.3789642108060818,-13,46.082812363021986,-13
6.333533763885498,-0.6331514932960048,-6.225989684077381,0.6420475034995476,-13,20.75502352967129,13
6.372415542602539,-0.3182183494119582,-6.629548946082463,0.33405948525783913,-13,21.08991709047759,13
6.613154888153076,2.2669161472508743,-2.6539506114156577,-2.2019674550544863,-13,-13,13
6.664567947387695,2.511572655877853,-3.1667655226285976,-1.4243312578822795,-13,15.792628148186793,-13
6.71489691734314,2.6715846947253863,-3.271328197622922,-1.3374037054297858,-13,13,13
6.762544393539429,2.780399972099793,-2.780399972099793,-1.3323523257307315,-13,13,13
6.817389249801636,2.7767121923410074,-2.2867041583984764,-1.251004242816336,-13,13,13
6.858215808868408,2.820350449469877,-3.041554406291043,-2.2136128559531585,-13,22.127579138332614,13
6.9143805503845215,2.7579746196472787,-3.3647290359696798,-2.0544289420637654,-13,13.108225101364788,13
6.971884250640869,2.698869398083314,-3.4699749403928317,-1.9638382213005698,-13,13,13
7.063852071762085,2.433182621318503,-3.4285755118578902,-2.2120556587117193,-13,13,13
7.115118741989136,2.2103500731865977,-3.315525109779897,-2.166095808373065,13,13,13
7.165252685546875,1.8827849102849428,-3.21180955283902,-2.2980301197223767,13,13,13
7.215839147567749,1.608720620819019,-3.0510218670705536,-2.4072654628067767,13,13,13
7.264853000640869,1.3362635770022746,-2.7282048030463106,-2.637355171981625,13,13,13
7.3096606731414795,0.5513306713940103,-2.425854954133645,-2.024700531826163,13,13,13
7.364606857299805,0.11042505591964653,-2.208501118392931,-2.1140939548011772,13,13,13
7.410969257354736,-0.4928494516942378,-1.9166367565887024,-1.6061814617797197,13,13,13
7.46780800819397,-0.7640620232521134,-1.6372757641116715,-1.397841154187681,13,13,13
7.51202392578125,-0.9973205936369604,-1.2743540918694496,-2.3325371023100274,13,-13,13
7.563862323760986,-1.2061283122969082,-0.9868322555156521,-1.6770159697282523,13,13,13
7.611853361129761,-1.3728800929860987,-0.6589824446333273,-1.7796041843744348,13,13,13
7.6728150844573975,-1.4149800351195936,-0.38095616330142906,-1.2250976734439547,13,13,13
7.72064471244812,-1.3008399171755822,-0.32520997929389556,-0.9768711176054197,13,13,13
7.772846698760986,-1.293678120727062,-0.1078065100605885,-0.6411619090810348,13,13,13
7.8213183879852295,-1.176583923692853,0.10696217488116845,-0.16622337065725645,13,13,13
7.871993064880371,-1.118550121829699,0.42611433212559957,0.07767204483756274,13,-13,13
7.925941467285156,-0.9009617245321092,0.7949662275283317,0.3775329353751218,-13,-13,13
7.9828269481658936,-0.7393947401186314,1.1090921101779472,0.5843512404671216,-13,-13,13
8.076483488082886,0.2115090808881394,0.9517908639966273,0.5130710002107932,-13,13,13
8.12719988822937,0.8352539318782367,0.6786438196510673,1.2712079148114839,-13,13,-13
8.310677766799927,1.6738908689552257,0.2536198286295797,2.935538558344575,-13,13,-13
8.489022731781006,1.8551907281325106,2.4410404317533034,5.076590285550672,-13,-13,-13
8.528064727783203,1.847664980491097,5.737485992051301,5.299392024934626,-13,-67.99382474924771,-13
8.577471494674683,1.7192377777705272,6.041892761879281,4.7387857145187695,-13,-13,13
8.634113311767578,1.3953183721372087,6.110532181428466,5.871270046401385,13,-13,-13
8.677995920181274,1.170028784703802,6.045148720969644,5.154900717009276,13,-13,13
8.721476078033447,1.0808348293469896,5.649818426131992,4.730037135665299,13,13,13
9.072508811950684,-2.532824590694526,-1.5395600453241234,4.128869322914873,13,21.453446320960815,13
9.116816997528076,-2.508470273300149,-1.7706848988001054,4.666096912496705,13,13,-13
9.16569471359253,-2.3420890485736288,-1.0734574805962465,5.107287924055576,13,-13,-13
9.215364456176758,-2.3841663193336804,-0.5463714481806351,4.121101890616863,13,-13,13
9.347651481628418,-2.492729514877839,0.8797868876039431,5.013319524753555,13,-13,-13
9.422301292419434,-2.4944321359397756,-0.9163220091207337,2.729874429954137,13,23.230968313975026,13
9.47559642791748,-2.3978056940886203,-1.7345828425321934,2.6057147691553624,13,17.951164814010404,13
9.577030897140503,-2.206655507282019,-1.373030093419923,4.833612317949523,13,13,-13
9.617701530456543,-2.012293549075751,-1.7607568554412822,3.4042439322444977,13,13.67810766699565,13
9.670317888259888,-1.811532078744649,-2.264415098430811,3.3896225392297197,13,14.492586486933154,13
9.716224908828735,-1.5727529639551712,-2.2608323856855583,4.707903610951014,-13,13,-13
9.775536298751831,-1.264428093166135,-1.2138509694394894,3.1007358075239324,-13,-13,13
9.832458019256592,-0.8664687863506093,-1.8348750769777609,2.6601538444449773,-13,14.921734342378915,13
9.877278089523315,-0.4932243354538087,-2.022219775360616,4.512262261446516,-13,13,-13
9.922220706939697,0.39989799821331035,-0.8997704959799483,3.764344001253235,-14.643536515030483,-13.362134869306342,13
9.975355863571167,0.876505892554423,-1.443656764207285,1.9959335809572991,-13,13.881172084990371,13
10.022690296173096,1.3218311534498466,-1.830227750930557,2.8053827834201,-13,13,-13
10.071537017822266,1.7445144162871655,-2.2062976441278854,2.2770965199099678,-13,13.171041920734137,13
10.122054815292358,1.9982675597370447,-2.597747827658158,3.798724882395618,-13,13.828359376678307,-13
10.229268550872803,1.9698171631594268,-1.231135726974642,4.5988922861411154,-13,-13,-13
10.348276376724243,2.270354884288848,-0.5405606867354401,-0.8130772577370067,-13,13,13
10.373313426971436,2.0413090889911145,1.5932168499442845,3.9884701191462497,13,-62.14914514940744,-13
10.4241943359375,1.9596370018225207,1.8591427966008531,3.4720095628118983,-13,-13,13
10.478676795959473,1.7617404072609275,2.063753048505658,3.372629766613045,13,-13,13
10.527859926223755,1.464702126025707,2.0202787945182163,3.179658904175163,13,13,13
10.825362920761108,-0.9736487215302891,-3.7408608774584797,2.349746751496035,13,24.495934997456907,13
10.870908260345459,-1.118333840819208,-3.761668373664609,2.812474049017773,13,13,-13
10.931795358657837,-0.950139380157736,-3.100454819462086,3.741747227502472,13,13,-13
10.975460767745972,-0.863993418519662,-2.4903339710272614,2.823964950904717,13,-13,13
11.226716756820679,-0.7789526866377635,-2.4926485972408434,1.5785485021677346,13,13,13
11.27152419090271,-0.5649016456606811,-2.9785723134835913,2.225968057430336,-13,17.26945095687883,-13
11.324482679367065,-0.402219874220523,-3.1674815094866187,3.437830187738953,-13,13,-13
11.368569374084473,0.0,-2.6855522314424896,1.899110377446135,-13,13,13
11.42328405380249,0.20554784308419413,-2.877669803178718,2.189669132570401,-13,13,-13
11.631486177444458,1.4268026174908863,-0.6114868360675227,2.6731091186697427,-13,-13,-13
11.730182409286499,1.8210706583055571,1.0926423949833344,1.465585983035659,-13,-13,13
11.774641752243042,1.9845635205779928,1.0445071160936805,1.2464747197304717,-13,13,13
11.838975429534912,2.1043696303338066,0.9995755744085582,0.8146041468616829,-13,13,13
12.073178052902222,1.0992856817882446,-2.9314284847686523,1.1096956184868958,13,21.913390191628118,13
12.126351833343506,0.7791963917448906,-2.960946288630584,1.560270619133206,13,13,-13
12.171654224395752,0.5222535580468403,-2.9246199250623057,1.2464747197304717,13,13,13
12.229107856750488,0.16019703799968335,-2.242758531995567,-0.07388924988124757,13,-13,13
12.278501033782959,-0.26445213947455304,-2.2213979715862457,0.4982686182255591,13,13,-13
12.323203325271606,-0.9495921438262922,-0.6858165483189888,0.6504910108567401,13.42889594909671,-19.667174670312022,-13
12.379328727722168,-1.2270001112235187,-0.6935218019959021,-0.01630978810690209,13,13,13
12.517714023590088,-1.635838468327262,0.3693828799448656,0.6348942945751688,13,-13,-13
12.579625844955444,-2.2491786488266223,-0.6426224710933207,-0.24585666499881853,13,18.297836729049596,13
12.635939359664917,-2.2683094386426457,-1.0261399841478636,-0.7582885350708679,13,13,13
12.73212742805481,-2.1184994931402668,-0.4133657547590765,1.87044073700487,13,13,-13
12.781146049499512,-1.9551927562730274,-0.8146636484470947,-1.0997736335321022,13,13,13
12.83211898803711,-1.7894972784048855,-1.1387709953485636,-1.0055890365301892,13,13,13
12.931461572647095,-1.454123389522529,-0.6518484159928578,3.5900409236949997,13,13,-13
12.981444120407104,-1.092939060064759,0.2185878120129518,-1.4778221286426927,-13,-13,13
13.034225225448608,-0.8135054502905292,-0.16270109005810587,-1.0129087717896965,-13,13,-13
13.078389644622803,-0.5875808595614993,-0.10683288355663624,-0.0934970006078828,-13,13,-13
13.158629894256592,-0.21439579088313748,1.447171588461178,-0.29881618588241565,-13,-13,13
13.183682918548584,0.21813013382795232,1.6905085371666304,-1.3491001391115915,-13,-13,13
13.283624172210693,1.7356390110663735,4.067903932186813,-1.0185589828021975,-13.217257129640725,-18.943969985323797,13
13.530500411987305,3.028946662069931,-0.43270666600999014,-0.8493749076548625,-13,19.347270921208903,13
13.580461263656616,2.984281589187143,-0.7993611399608419,0.04791450293686239,-13,13,-13
13.683814764022827,2.699736637894367,-1.482208350216515,0.4469859288007285,-13,13,-13
13.935971975326538,1.4732431475814676,3.840955349051683,0.807194963244612,13,-16.76261529652525,13
13.9854257106781,1.175028167304022,4.326240070528445,-0.08666764622839906,13,-13,13
14.0829176902771,0.9440400502137953,4.071172716546992,-6.377816030657485,13,13,13
14.34107518196106,-2.1591868447183216,-0.7017357245334546,-0.7271300077027973,13,19.64313815487343,-13
14.379023313522339,-2.351728355748202,-0.7482772041017007,-0.12941818674380556,13,13,-13
14.435224771499634,-2.3135201765661426,-0.3766195636270464,-0.528144154346748,13,13,13
14.559712409973145,-2.310059844943147,0.8595571516067522,-0.43761222234976316,13,-13,13
14.588541746139526,-2.3034721198599475,3.481992739323176,-0.26525894982420084,13,-68.76128055468864,-13
14.638669729232788,-2.264542196663085,2.3723775393613264,-0.657380267761198,13,17.69824502413176,13
14.681547403335571,-2.1660688119386244,1.678703329252434,-0.9206853357738183,13,14.252514419620933,13
14.743616819381714,-2.0301522303845125,1.389051526052561,-0.10319103112043848,13,13,-13
14.786937952041626,-1.6797371355886208,2.1674027555982205,-0.9582025011999491,-13,-13,13
14.839094877243042,-1.442685042238874,1.656416159607596,-0.111876759953077,-13,13,-13
14.943226099014282,-0.9239949228376948,2.989395338592542,-1.146722834847452,-13,-13,13
15.236412525177002,1.5041543392508614,1.3967147435900857,-0.4347725591863991,-13,13,13
15.282408952713013,1.502092121998652,0.6973999137850885,-0.3519156160172727,-13,14.738898694156516,13
15.331249952316284,1.2073820973487401,0.4724538641799419,0.9432669775072711,13,13,-13
15.384219884872437,0.8553815288823454,1.1226882566580783,-0.14401374953990853,13,-13,13
15.434062719345093,0.5869275813634289,0.6402846342146498,-0.026684457623417757,13,13,13
15.490787744522095,0.4777086536217618,0.5307873929130686,0.2864182972797735,13,13,-13
15.557649374008179,-0.2588610228756039,2.0191159784297104,1.7562698529891279,13,-15.411198523586533,-13
15.591201782226562,-0.5758423421815458,2.0416228495527533,1.1070331859782598,13,13,13
15.691866636276245,-1.1651546985762913,4.554695639889139,0.4182256409851064,13,-21.375005976467268,13
15.736682891845703,-1.283780638806064,4.172287076119707,-0.1772174440342411,13,13,13
15.7794828414917,-1.500374740159559,3.590182413953231,-0.2829136671251433,13,13,13
15.835938692092896,-1.5050230362431805,3.010046072486361,-0.46967556334207217,13,13,13
15.891608953475952,-1.5495275221265168,2.6715991760802016,-0.11098146180452773,13,13,-13
15.935943841934204,-1.6415549609657223,2.5947159060425937,0.4274409326955606,13,13,-13
15.99719762802124,-1.6528785467822127,2.719251802770737,0.016504350645504928,13,-13,13
16.120264768600464,-1.614637210668616,3.229274421337232,3.2354105624314684,13,-13,-13
16.19174337387085,-0.9097165446922222,5.618837481922549,-0.201830163455881,-13,-29.75549502945358,13
16.236713886260986,-0.672179086632282,5.067196191535666,1.830655964514051,-13,13,-13
16.304964780807495,-0.3188780192267153,6.749584740298808,0.21037139499087942,-13,-25.038445491466888,13
16.593254804611206,2.7350370345524455,4.236625994698886,-0.33169929159805633,-13,13,13
16.64839458465576,2.863262562012483,3.3934963697925724,0.34869662473993657,-13,13,-13
16.689181566238403,2.6805315625264794,3.4537618209475793,2.0077306184175114,-13,-13,-13
16.74207830429077,2.5431911570156758,3.761803586419021,0.3939572574450949,-13,-13,13
16.790542364120483,2.441699915048299,3.866024865493141,2.772658241055481,-13,-13,-13
16.846115827560425,2.6372249131109804,5.377870411049842,1.8259210343166075,-13,-25.4553129398905,13
16.88885736465454,2.835839798788421,5.619164045747427,0.9200041919078927,-13,-13,13
16.987619876861572,2.6865663601622796,5.114809031847416,1.8771700926429915,-13,-13,-13
17.044359922409058,2.5909862408797077,4.071549807096684,0.5130710002107932,-13,13,13
17.089377641677856,2.1768224549143382,3.0579172580939513,1.6922556719373674,13,15.036680210075929,-13
17.136427640914917,1.8489180966091776,2.5165829648291584,2.221309480963207,13,13,-13
17.473437547683716,-1.3477322455782794,6.842332939089726,1.6846624509398325,13,-17.760011396072684,13
17.543764114379883,-1.4308727372886005,6.094457955118114,0.3803026129749796,13,13,13
17.588531017303467,-1.2681409498765346,5.548116655709839,0.5558929745374428,-13,13,-13
17.636927366256714,-1.2509595447740078,4.949448633671074,-1.1882386030764707,13,13,13
17.704245805740356,-1.4096989789082428,3.7953434047529613,-0.9965904335297395,13,13,13
17.746840000152588,-1.5715751934761906,3.3003079063,1.065930244642857,13,13,-13
17.786407470703125,-1.273116579466908,4.402861503989723,0.32266033748869205,-13,-25.744609100035014,13
17.84151816368103,-1.4099104612489728,4.06704940744896,-1.0057411117344017,13,13,13
17.890319347381592,-1.4885594020661326,3.774561340953407,0.19180973841432092,13,13,-13
17.945136785507202,-1.7982633385404585,5.394790015621375,0.49863953358777025,13,-28.677263414569637,-13
17.9903302192688,-1.6297933831982752,5.432644610660917,-1.1172518699353162,13,-13,13
18.049160957336426,-1.5531284111704535,5.034278298276642,-0.2506711229917329,13,-13,-13
18.12803053855896,-1.435696107181258,6.380871587472258,0.17932886744758036,13,-21.05526732862294,-13
18.649330854415894,2.454596624946105,5.651280601620102,-4.219097745682973,-13,-13,13
18.696042776107788,2.929684977973327,5.014268519992809,-3.3826076965383223,-13,13,-13
18.747381448745728,3.53996902701873,4.7586468887792766,-5.286314022886415,-13.972457163447661,-13,13
18.795265674591064,3.9365662866554922,4.450031454480121,-4.18314597807867,-13,-13,-13
18.99036979675293,4.304064669496685,4.842072753183771,-0.525909414797141,-13,-13,-13
19.045914888381958,6.173187578884682,5.134707425427445,-4.90500959107726,-34.58742005996546,-13,13
19.09563946723938,6.413893453575701,5.364347252081496,-5.596637593387854,-13.420884983349346,-13,13
19.14796233177185,6.450396066793674,5.688076531627148,-5.969959774026208,-13,-13.209157515434175,13
19.394901990890503,5.605636384022513,-0.1789032888517823,-7.088733319418367,-13,18.061786570878613,13
19.444895267486572,5.30980693333369,-0.8544516904215134,-8.661296551728753,-13,13,13
19.49342679977417,4.844871040050997,-1.0168247861835427,-7.289875556263851,-13,13,-13
19.544241189956665,4.05194393101522,0.059587410750223814,-7.035837094001792,13,-15.980171299954819,13
19.645790338516235,3.5553176634240566,-0.24103848565586825,-7.792074090712944,-13,13,13
19.89728021621704,1.2500952401849625,1.309623584955675,-6.969387867051566,13,-13,13
19.949148178100586,0.8345485085192786,1.3710439782816721,-7.06193372029918,13,-13,13
20.196015119552612,-2.229282219616546,1.8075261240134157,-7.7822296505030835,13,-13,13
20.24744439125061,-2.561329097468474,1.688148723331494,-5.488528060273481,13,-13,-13
20.293082237243652,-2.77984496775281,1.621576231189139,-5.152616431706477,13,-13,13
20.398590087890625,-2.8651693714326294,2.635955821718019,-4.466310857234163,13,-13,13
20.447776556015015,-3.6079425343597844,4.329531041231741,-7.648922519245957,16.10376744280347,-32.68999913670724,13
20.495564937591553,-3.460073092854625,3.1140657835691625,-4.876370491024218,13,13.995536868855167,-13
20.54820418357849,-3.411883445192139,2.544455450651765,-5.0570995905280824,13,13,13
20.603621006011963,-3.439129908818258,1.891521449850042,-4.483685790342335,13,13,13
20.711025714874268,-3.3233345913600356,2.560602062195437,-1.2910068078695076,13,-13,-13
20.75165295600891,-3.289036489689984,2.381716078741023,-3.7959663948488256,13,-13,13
20.793503522872925,-3.072481197302665,2.1621163981018756,-4.010024943805519,13,13,13
20.933455228805542,-2.359714381604673,2.41334425391387,-0.3336063478467537,-13,-13,-13
20.999330282211304,-1.3467691398693311,3.3669228496733283,-3.129803431374903,-13,-16.63131076051973,13
21.047353506088257,-1.0373412427597362,2.893636098224527,-1.4215209528791135,-13,13,-13
21.10252857208252,-0.5452591553145202,2.7262957765726012,-1.341654972883525,-13,-13,13
21.154741287231445,0.271960041460034,3.7530485721484688,-1.191009328507647,-13,-21.223764173074358,13
21.207510471343994,0.9441312128393561,3.3322278100212572,-2.479271437898568,-13,13,13
21.25837516784668,1.4355877528139465,2.595100937779057,-2.1167777659880684,-13,13,13
21.302091360092163,1.8929830323074965,2.379750097757996,-0.845883181312395,-13,-13,-13
21.347499132156372,1.97013770263356,2.1298785974416865,0.09716444695256854,-13,-13,-13
21.407883405685425,1.9522288012709939,2.0049917418458856,0.6416918532468117,-13,-13,13
21.51198673248291,1.939092706857002,3.3934122369997537,-0.596647089281312,-13,-16.184146736672275,13
21.553842544555664,1.8335153991441928,5.653339147361262,2.702643776743976,-13,-50.125341929213064,-13
21.593662977218628,1.8247902877820714,5.916744266444899,-2.20875981075244,-13,-15.045610393526623,13
21.654470920562744,1.3085668742231031,4.135071322545006,1.1144906599603601,13,14.500157590338857,-13
21.708348035812378,0.9106021731891512,3.7941757216214635,3.0873641756780543,13,-13,-13
21.753429889678955,0.5071265595483633,4.412001068070761,2.9482620508091273,13,-18.269462620118865,13
21.801992654800415,-0.15176702886485852,3.692997702378224,3.0873641756780543,13,13,13
22.042096376419067,-2.1828507417964635,5.38098089838198,2.890532918115781,13,-15.08504210620376,13
22.05694270133972,-4.488346440436365,3.1622440830347114,2.6205710739669286,122.89693756217467,105.58914873183146,13
22.10232448577881,-4.949444752139536,2.899674703273667,3.756309634778006,14.797058790678426,-13,-13
22.208893299102783,-5.686685325345159,2.917516819090125,4.3693826868408365,13.622587729732874,-13,-13
22.30884838104248,-5.846538649299185,4.025485627386324,6.087246061790303,13,-16.31558678637609,-13
